{
  "mae": 9.68133544921875,
  "rmse": 11.478565973441135,
  "r2": 0.021118342876434326,
  "timestamp": "2026-06-12T11:24:58.211862"
}